LANGUAGE_COLON= Langue :
NON_LOCAL_ACCOUNT_PASSWORD_CANNOT_BE_CHANGED_IN_OAE= Le mot de passe d'un compte non-local ne peut pas être mis à jour.
PASSWORD_NOT_UPDATED= Mot de passe non mis à jour.
PASSWORD_SUCCESSFULLY_UPDATED= Votre mot de passe a bien été mis à jour.
PASSWORD_UPDATE_FAILED= Votre mot de passe n'a pas pu être mis à jour.
PASSWORD_UPDATED= Mot de passe mis à jour.
PREFERENCES_NOT_UPDATED= Préférences non mises à jour.
PREFERENCES_UPDATE_FAILED= Vos préférences n'ont pas pu être mises à jour.
PREFERENCES_UPDATED= Préférences mises à jour.
PREFERENCES_SUCCESSFULLY_UPDATED= Vos préférences ont bien été mises à jour.
WRONG_CURRENT_PASSWORD_PROVIDED= Mot de passe actuel n'est pas conforme.
TIME_ZONE_COLON= Fuseau horaire :
AFRICA_ABIDJAN= Afrique/Abidjan
AFRICA_ACCRA= Afrique/Accra
AFRICA_ADDIS_ABABA= Afrique/Addis_Ababa
AFRICA_ALGIERS= Afrique/Alger
AFRICA_ASMARA= Afrique/Asmara
AFRICA_ASMERA= Afrique/Asmera
AFRICA_BAMAKO= Afrique/Bamako
AFRICA_BANGUI= Afrique/Bangui
AFRICA_BANJUL= Afrique/Banjul
AFRICA_BISSAU= Afrique/Bissau
AFRICA_BLANTYRE= Afrique/Blantyre
AFRICA_BRAZZAVILLE= Afrique/Brazzaville
AFRICA_BUJUMBURA= Afrique/Bujumbura
AFRICA_CAIRO= Afrique/Le Caire
AFRICA_CASABLANCA= Afrique/Casablanca
AFRICA_CEUTA= Afrique/Ceuta
AFRICA_CONAKRY= Afrique/Conakry
AFRICA_DAKAR= Afrique/Dakar
AFRICA_DAR_ES_SALAAM= Afrique/Dar_es_Salaam
AFRICA_DJIBOUTI= Afrique/Djibouti
AFRICA_DOUALA= Afrique/Douala
AFRICA_EL_AAIUN= Afrique/Laâyoune
AFRICA_FREETOWN= Afrique/Freetown
AFRICA_GABORONE= Afrique/Gaborone
AFRICA_HARARE= Afrique/Harare
AFRICA_JOHANNESBURG= Afrique/Johannesburg
AFRICA_JUBA= Afrique/Djouba
AFRICA_KAMPALA= Afrique/Kampala
AFRICA_KHARTOUM= Afrique/Khartoum
AFRICA_KIGALI= Afrique/Kigali
AFRICA_KINSHASA= Afrique/Kinshasa
AFRICA_LAGOS= Afrique/Lagos
AFRICA_LIBREVILLE= Afrique/Libreville
AFRICA_LOME= Afrique/Lomé
AFRICA_LUANDA= Afrique/Luanda
AFRICA_LUBUMBASHI= Afrique/Lubumbashi
AFRICA_LUSAKA= Afrique/Lusaka
AFRICA_MALABO= Afrique/Malabo
AFRICA_MAPUTO= Afrique/Maputo
AFRICA_MASERU= Afrique/Maseru
AFRICA_MBABANE= Afrique/Mbabane
AFRICA_MOGADISHU= Afrique/Mogadiscio
AFRICA_MONROVIA= Afrique/Monrovia
AFRICA_NAIROBI= Afrique/Nairobi
AFRICA_NDJAMENA= Afrique/Ndjamena
AFRICA_NIAMEY= Afrique/Niamey
AFRICA_NOUAKCHOTT= Afrique/Nouakchott
AFRICA_OUAGADOUGOU= Afrique/Ouagadougou
AFRICA_PORTO_NOVO= Afrique/Porto-Novo
AFRICA_SAO_TOME= Afrique/Sao Tomé-et-Principe 
AFRICA_TIMBUKTU= Afrique/Tombouctou
AFRICA_TRIPOLI= Afrique/Tripoli
AFRICA_TUNIS= Afrique/Tunis
AFRICA_WINDHOEK= Afrique/Windhoek
AMERICA_ADAK= Amérique/Adak
AMERICA_ANCHORAGE= Amérique/Anchorage
AMERICA_ANGUILLA= Amérique/Anguilla
AMERICA_ANTIGUA= Amérique/Antigua
AMERICA_ARAGUAINA= Amérique/Araguaina
AMERICA_ARGENTINA_BUENOS_AIRES= Amérique/Argentine/Buenos_Aires
AMERICA_ARGENTINA_CATAMARCA= Amérique/Argentine/Catamarca
AMERICA_ARGENTINA_COMODRIVADAVIA= Amérique/Argentine/ComodRivadavia
AMERICA_ARGENTINA_CORDOBA= Amérique/Argentine/Cordoba
AMERICA_ARGENTINA_JUJUY= Amérique/Argentine/Jujuy
AMERICA_ARGENTINA_LA_RIOJA= Amérique/Argentine/La_Rioja
AMERICA_ARGENTINA_MENDOZA= Amérique/Argentine/Mendoza
AMERICA_ARGENTINA_RIO_GALLEGOS= Amérique/Argentine/Rio_Gallegos
AMERICA_ARGENTINA_SALTA= Amérique/Argentine/Salta
AMERICA_ARGENTINA_SAN_JUAN= Amérique/Argentine/San_Juan
AMERICA_ARGENTINA_SAN_LUIS= Amérique/Argentine/San_Luis
AMERICA_ARGENTINA_TUCUMAN= Amérique/Argentine/Tucuman
AMERICA_ARGENTINA_USHUAIA= Amérique/Argentine/Ushuaia
AMERICA_ARUBA= Amérique/Aruba
AMERICA_ASUNCION= Amérique/Asuncion
AMERICA_ATIKOKAN= Amérique/Atikokan
AMERICA_ATKA= Amérique/Atka
AMERICA_BAHIA= Amérique/Bahia
AMERICA_BAHIA_BANDERAS= Amérique/Bahia_Banderas
AMERICA_BARBADOS= Amérique/Barbados
AMERICA_BELEM= Amérique/Belem
AMERICA_BELIZE= Amérique/Belize
AMERICA_BLANC_SABLON= Amérique/Blanc-Sablon
AMERICA_BOA_VISTA= Amérique/Boa_Vista
AMERICA_BOGOTA= Amérique/Bogota
AMERICA_BOISE= Amérique/Boise
AMERICA_BUENOS_AIRES= Amérique/Buenos_Aires
AMERICA_CAMBRIDGE_BAY= Amérique/Cambridge_Bay
AMERICA_CAMPO_GRANDE= Amérique/Campo_Grande
AMERICA_CANCUN= Amérique/Cancun
AMERICA_CARACAS= Amérique/Caracas
AMERICA_CATAMARCA= Amérique/Catamarca
AMERICA_CAYENNE= Amérique/Cayenne
AMERICA_CAYMAN= Amérique/Cayman
AMERICA_CHICAGO= Amérique/Chicago
AMERICA_CHIHUAHUA= Amérique/Chihuahua
AMERICA_CORAL_HARBOUR= Amérique/Coral_Harbour
AMERICA_CORDOBA= Amérique/Cordoba
AMERICA_COSTA_RICA= Amérique/Costa_Rica
AMERICA_CRESTON= Amérique/Creston
AMERICA_CUIABA= Amérique/Cuiaba
AMERICA_CURACAO= Amérique/Curacao
AMERICA_DANMARKSHAVN= Amérique/Danmarkshavn
AMERICA_DAWSON= Amérique/Dawson
AMERICA_DAWSON_CREEK= Amérique/Dawson_Creek
AMERICA_DENVER= Amérique/Denver
AMERICA_DETROIT= Amérique/Detroit
AMERICA_DOMINICA= Amérique/Dominica
AMERICA_EDMONTON= Amérique/Edmonton
AMERICA_EIRUNEPE= Amérique/Eirunepe
AMERICA_EL_SALVADOR= Amérique/El_Salvador
AMERICA_ENSENADA= Amérique/Ensenada
AMERICA_FORT_WAYNE= Amérique/Fort_Wayne
AMERICA_FORTALEZA= Amérique/Fortaleza
AMERICA_GLACE_BAY= Amérique/Glace_Bay
AMERICA_GODTHAB= Amérique/Godthab
AMERICA_GOOSE_BAY= Amérique/Goose_Bay
AMERICA_GRAND_TURK= Amérique/Grand_Turk
AMERICA_GRENADA= Amérique/Grenada
AMERICA_GUADELOUPE= Amérique/Guadeloupe
AMERICA_GUATEMALA= Amérique/Guatemala
AMERICA_GUAYAQUIL= Amérique/Guayaquil
AMERICA_GUYANA= Amérique/Guyana
AMERICA_HALIFAX= Amérique/Halifax
AMERICA_HAVANA= Amérique/Havana
AMERICA_HERMOSILLO= Amérique/Hermosillo
AMERICA_INDIANA_INDIANAPOLIS= Amérique/Indiana/Indianapolis
AMERICA_INDIANA_KNOX= Amérique/Indiana/Knox
AMERICA_INDIANA_MARENGO= Amérique/Indiana/Marengo
AMERICA_INDIANA_PETERSBURG= Amérique/Indiana/Petersburg
AMERICA_INDIANA_TELL_CITY= Amérique/Indiana/Tell_City
AMERICA_INDIANA_VEVAY= Amérique/Indiana/Vevay
AMERICA_INDIANA_VINCENNES= Amérique/Indiana/Vincennes
AMERICA_INDIANA_WINAMAC= Amérique/Indiana/Winamac
AMERICA_INDIANAPOLIS= Amérique/Indianapolis
AMERICA_INUVIK= Amérique/Inuvik
AMERICA_IQALUIT= Amérique/Iqaluit
AMERICA_JAMAICA= Amérique/Jamaica
AMERICA_JUJUY= Amérique/Jujuy
AMERICA_JUNEAU= Amérique/Juneau
AMERICA_KENTUCKY_LOUISVILLE= Amérique/Kentucky/Louisville
AMERICA_KENTUCKY_MONTICELLO= Amérique/Kentucky/Monticello
AMERICA_KNOX_IN= Amérique/Knox_IN
AMERICA_KRALENDIJK= Amérique/Kralendijk
AMERICA_LA_PAZ= Amérique/La_Paz
AMERICA_LIMA= Amérique/Lima
AMERICA_LOS_ANGELES= Amérique/Los_Angeles
AMERICA_LOUISVILLE= Amérique/Louisville
AMERICA_LOWER_PRINCES= Amérique/Lower_Princes
AMERICA_MACEIO= Amérique/Maceio
AMERICA_MANAGUA= Amérique/Managua
AMERICA_MANAUS= Amérique/Manaus
AMERICA_MARIGOT= Amérique/Marigot
AMERICA_MARTINIQUE= Amérique/Martinique
AMERICA_MATAMOROS= Amérique/Matamoros
AMERICA_MAZATLAN= Amérique/Mazatlan
AMERICA_MENDOZA= Amérique/Mendoza
AMERICA_MENOMINEE= Amérique/Menominee
AMERICA_MERIDA= Amérique/Merida
AMERICA_METLAKATLA= Amérique/Metlakatla
AMERICA_MEXICO_CITY= Amérique/Mexico_City
AMERICA_MIQUELON= Amérique/Miquelon
AMERICA_MONCTON= Amérique/Moncton
AMERICA_MONTERREY= Amérique/Monterrey
AMERICA_MONTEVIDEO= Amérique/Montevideo
AMERICA_MONTREAL= Amérique/Montreal
AMERICA_MONTSERRAT= Amérique/Montserrat
AMERICA_NASSAU= Amérique/Nassau
AMERICA_NEW_YORK= Amérique/New_York
AMERICA_NIPIGON= Amérique/Nipigon
AMERICA_NOME= Amérique/Nome
AMERICA_NORONHA= Amérique/Noronha
AMERICA_NORTH_DAKOTA_BEULAH= Amérique/North_Dakota/Beulah
AMERICA_NORTH_DAKOTA_CENTER= Amérique/North_Dakota/Center
AMERICA_NORTH_DAKOTA_NEW_SALEM= Amérique/North_Dakota/New_Salem
AMERICA_OJINAGA= Amérique/Ojinaga
AMERICA_PANAMA= Amérique/Panama
AMERICA_PANGNIRTUNG= Amérique/Pangnirtung
AMERICA_PARAMARIBO= Amérique/Paramaribo
AMERICA_PHOENIX= Amérique/Phoenix
AMERICA_PORT_AU_PRINCE= Amérique/Port-au-Prince
AMERICA_PORT_OF_SPAIN= Amérique/Port_of_Spain
AMERICA_PORTO_ACRE= Amérique/Porto_Acre
AMERICA_PORTO_VELHO= Amérique/Porto_Velho
AMERICA_PUERTO_RICO= Amérique/Puerto_Rico
AMERICA_RAINY_RIVER= Amérique/Rainy_River
AMERICA_RANKIN_INLET= Amérique/Rankin_Inlet
AMERICA_RECIFE= Amérique/Recife
AMERICA_REGINA= Amérique/Regina
AMERICA_RESOLUTE= Amérique/Resolute
AMERICA_RIO_BRANCO= Amérique/Rio_Branco
AMERICA_ROSARIO= Amérique/Rosario
AMERICA_SANTA_ISABEL= Amérique/Santa_Isabel
AMERICA_SANTAREM= Amérique/Santarem
AMERICA_SANTIAGO= Amérique/Santiago
AMERICA_SANTO_DOMINGO= Amérique/Santo_Domingo
AMERICA_SAO_PAULO= Amérique/Sao_Paulo
AMERICA_SCORESBYSUND= Amérique/Scoresbysund
AMERICA_SHIPROCK= Amérique/Shiprock
AMERICA_SITKA= Amérique/Sitka
AMERICA_ST_BARTHELEMY= Amérique/St_Barthelemy
AMERICA_ST_JOHNS= Amérique/St_Johns
AMERICA_ST_KITTS= Amérique/St_Kitts
AMERICA_ST_LUCIA= Amérique/St_Lucia
AMERICA_ST_THOMAS= Amérique/St_Thomas
AMERICA_ST_VINCENT= Amérique/St_Vincent
AMERICA_SWIFT_CURRENT= Amérique/Swift_Current
AMERICA_TEGUCIGALPA= Amérique/Tegucigalpa
AMERICA_THULE= Amérique/Thule
AMERICA_THUNDER_BAY= Amérique/Thunder_Bay
AMERICA_TIJUANA= Amérique/Tijuana
AMERICA_TORONTO= Amérique/Toronto
AMERICA_TORTOLA= Amérique/Tortola
AMERICA_VANCOUVER= Amérique/Vancouver
AMERICA_VIRGIN= Amérique/Virgin
AMERICA_WHITEHORSE= Amérique/Whitehorse
AMERICA_WINNIPEG= Amérique/Winnipeg
AMERICA_YAKUTAT= Amérique/Yakutat
AMERICA_YELLOWKNIFE= Amérique/Yellowknife
ANTARCTICA_CASEY= Antartique/Casey
ANTARCTICA_DAVIS= Antartique/Davis
ANTARCTICA_DUMONTDURVILLE= Antartique/DumontDUrville
ANTARCTICA_MACQUARIE= Antartique/Macquarie
ANTARCTICA_MAWSON= Antartique/Mawson
ANTARCTICA_MCMURDO= Antartique/McMurdo
ANTARCTICA_PALMER= Antartique/Palmer
ANTARCTICA_ROTHERA= Antartique/Rothera
ANTARCTICA_SOUTH_POLE= Antartique/South_Pole
ANTARCTICA_SYOWA= Antartique/Syowa
ANTARCTICA_VOSTOK= Antartique/Vostok
ARCTIC_LONGYEARBYEN= Arctic/Longyearbyen
ASIA_ADEN= Asie/Aden
ASIA_ALMATY= Asie/Almaty
ASIA_AMMAN= Asie/Amman
ASIA_ANADYR= Asie/Anadyr
ASIA_AQTAU= Asie/Aqtau
ASIA_AQTOBE= Asie/Aqtobe
ASIA_ASHGABAT= Asie/Ashgabat
ASIA_ASHKHABAD= Asie/Ashkhabad
ASIA_BAGHDAD= Asie/Bagdad
ASIA_BAHRAIN= Asie/Bahrain
ASIA_BAKU= Asie/Baku
ASIA_BANGKOK= Asie/Bangkok
ASIA_BEIRUT= Asie/Beyrouth
ASIA_BISHKEK= Asie/Bishkek
ASIA_BRUNEI= Asie/Brunei
ASIA_CALCUTTA= Asie/Calcutta
ASIA_CHOIBALSAN= Asie/Choibalsan
ASIA_CHONGQING= Asie/Chongqing
ASIA_CHUNGKING= Asie/Chungking
ASIA_COLOMBO= Asie/Colombo
ASIA_DACCA= Asie/Dacca
ASIA_DAMASCUS= Asie/Damascus
ASIA_DHAKA= Asie/Dhaka
ASIA_DILI= Asie/Dili
ASIA_DUBAI= Asie/Dubaï
ASIA_DUSHANBE= Asie/Dushanbe
ASIA_GAZA= Asie/Gaza
ASIA_HARBIN= Asie/Harbin
ASIA_HEBRON= Asie/Hebron
ASIA_HO_CHI_MINH= Asie/Ho_Chi_Minh
ASIA_HONG_KONG= Asie/Hong_Kong
ASIA_HOVD= Asie/Hovd
ASIA_IRKUTSK= Asie/Irkoutsk
ASIA_ISTANBUL= Asie/Istanbul
ASIA_JAKARTA= Asie/Jakarta
ASIA_JAYAPURA= Asie/Jayapura
ASIA_JERUSALEM= Asie/Jerusalem
ASIA_KABUL= Asie/Kaboul
ASIA_KAMCHATKA= Asie/Kamtchatka
ASIA_KARACHI= Asie/Karachi
ASIA_KASHGAR= Asie/Kashgar
ASIA_KATHMANDU= Asie/Katmandou
ASIA_KATMANDU= Asie/Katmandu
ASIA_KOLKATA= Asie/Kolkata
ASIA_KRASNOYARSK= Asie/Krasnoyarsk
ASIA_KUALA_LUMPUR= Asie/Kuala_Lumpur
ASIA_KUCHING= Asie/Kuching
ASIA_KUWAIT= Asie/Kuwait
ASIA_MACAO= Asie/Macao
ASIA_MACAU= Asie/Macau
ASIA_MAGADAN= Asie/Magadan
ASIA_MAKASSAR= Asie/Makassar
ASIA_MANILA= Asie/Manila
ASIA_MUSCAT= Asie/Muscat
ASIA_NICOSIA= Asie/Nicosia
ASIA_NOVOKUZNETSK= Asie/Novokuznetsk
ASIA_NOVOSIBIRSK= Asie/Novosibirsk
ASIA_OMSK= Asie/Omsk
ASIA_ORAL= Asie/Oral
ASIA_PHNOM_PENH= Asie/Phnom_Penh
ASIA_PONTIANAK= Asie/Pontianak
ASIA_PYONGYANG= Asie/Pyongyang
ASIA_QATAR= Asie/Qatar
ASIA_QYZYLORDA= Asie/Qyzylorda
ASIA_RANGOON= Asie/Rangoon
ASIA_RIYADH= Asie/Riyadh
ASIA_RIYADH87= Asie/Riyadh87
ASIA_RIYADH88= Asie/Riyadh88
ASIA_RIYADH89= Asie/Riyadh89
ASIA_SAIGON= Asie/Saigon
ASIA_SAKHALIN= Asie/Sakhalin
ASIA_SAMARKAND= Asie/Samarkand
ASIA_SEOUL= Asie/Seoul
ASIA_SHANGHAI= Asie/Shanghai
ASIA_SINGAPORE= Asie/Singapore
ASIA_TAIPEI= Asie/Taipei
ASIA_TASHKENT= Asie/Tashkent
ASIA_TBILISI= Asie/Tbilisi
ASIA_TEHRAN= Asie/Téhéran
ASIA_TEL_AVIV= Asie/Tel_Aviv
ASIA_THIMBU= Asie/Thimbu
ASIA_THIMPHU= Asie/Thimphu
ASIA_TOKYO= Asie/Tokyo
ASIA_UJUNG_PANDANG= Asie/Ujung_Pandang
ASIA_ULAANBAATAR= Asie/Ulaanbaatar
ASIA_ULAN_BATOR= Asie/Ulan_Bator
ASIA_URUMQI= Asie/Urumqi
ASIA_VIENTIANE= Asie/Vientiane
ASIA_VLADIVOSTOK= Asie/Vladivostok
ASIA_YAKUTSK= Asie/Yakutsk
ASIA_YEKATERINBURG= Asie/Yekaterinburg
ASIA_YEREVAN= Asie/Erevan
ATLANTIC_AZORES= Atlantique/Açores
ATLANTIC_BERMUDA= Atlantic/Bermuda
ATLANTIC_CANARY= Atlantic/Canary
ATLANTIC_CAPE_VERDE= Atlantique/Cap_Vert
ATLANTIC_FAEROE= Atlantic/Faeroe
ATLANTIC_FAROE= Atlantic/Faroe
ATLANTIC_JAN_MAYEN= Atlantic/Jan_Mayen
ATLANTIC_MADEIRA= Atlantic/Madeira
ATLANTIC_REYKJAVIK= Atlantic/Reykjavik
ATLANTIC_SOUTH_GEORGIA= Atlantic/South_Georgia
ATLANTIC_ST_HELENA= Atlantic/St_Helena
ATLANTIC_STANLEY= Atlantic/Stanley
AUSTRALIA_ACT= Australie/ACT
AUSTRALIA_ADELAIDE= Australie/Adelaide
AUSTRALIA_BRISBANE= Australie/Brisbane
AUSTRALIA_BROKEN_HILL= Australie/Broken_Hill
AUSTRALIA_CANBERRA= Australie/Canberra
AUSTRALIA_CURRIE= Australie/Currie
AUSTRALIA_DARWIN= Australie/Darwin
AUSTRALIA_EUCLA= Australie/Eucla
AUSTRALIA_HOBART= Australie/Hobart
AUSTRALIA_LHI= Australie/LHI
AUSTRALIA_LINDEMAN= Australie/Lindeman
AUSTRALIA_LORD_HOWE= Australie/Lord_Howe
AUSTRALIA_MELBOURNE= Australie/Melbourne
AUSTRALIA_NSW= Australie/NSW
AUSTRALIA_NORTH= Australie/North
AUSTRALIA_PERTH= Australie/Perth
AUSTRALIA_QUEENSLAND= Australie/Queensland
AUSTRALIA_SOUTH= Australie/South
AUSTRALIA_SYDNEY= Australie/Sydney
AUSTRALIA_TASMANIA= Australie/Tasmania
AUSTRALIA_VICTORIA= Australie/Victoria
AUSTRALIA_WEST= Australie/West
AUSTRALIA_YANCOWINNA= Australie/Yancowinna
BRAZIL_ACRE= Brazil/Acre
BRAZIL_DENORONHA= Brazil/DeNoronha
BRAZIL_EAST= Brazil/East
BRAZIL_WEST= Brazil/West
CET= CET
CST6CDT= CST6CDT
CANADA_ATLANTIC= Canada/Atlantic
CANADA_CENTRAL= Canada/Central
CANADA_EAST_SASKATCHEWAN= Canada/East-Saskatchewan
CANADA_EASTERN= Canada/Eastern
CANADA_MOUNTAIN= Canada/Mountain
CANADA_NEWFOUNDLAND= Canada/Newfoundland
CANADA_PACIFIC= Canada/Pacific
CANADA_SASKATCHEWAN= Canada/Saskatchewan
CANADA_YUKON= Canada/Yukon
CHILE_CONTINENTAL= Chile/Continental
CHILE_EASTERISLAND= Chile/EasterIsland
CUBA= Cuba
EET= EET
EST= EST
EST5EDT= EST5EDT
EGYPT= Egypt
EIRE= Eire
ETC_GMT= Etc/GMT 
ETC_GMT_0= Etc/GMT+0 
ETC_GMT_1= Etc/GMT+1 
ETC_GMT_10= Etc/GMT+10 
ETC_GMT_11= Etc/GMT+11
ETC_GMT_12= Etc/GMT+12
ETC_GMT_2= Etc/GMT+2
ETC_GMT_3= Etc/GMT+3
ETC_GMT_4= Etc/GMT+4
ETC_GMT_5= Etc/GMT+5
ETC_GMT_6= Etc/GMT+6
ETC_GMT_7= Etc/GMT+7
ETC_GMT_8= Etc/GMT+8
ETC_GMT_9= Etc/GMT+9
ETC_GMT_0= Etc/GMT-0
ETC_GMT_1= Etc/GMT-1
ETC_GMT_10= Etc/GMT-10
ETC_GMT_11= Etc/GMT-11
ETC_GMT_12= Etc/GMT-12
ETC_GMT_13= Etc/GMT-13
ETC_GMT_14= Etc/GMT-14
ETC_GMT_2= Etc/GMT-2
ETC_GMT_3= Etc/GMT-3
ETC_GMT_4= Etc/GMT-4
ETC_GMT_5= Etc/GMT-5
ETC_GMT_6= Etc/GMT-6
ETC_GMT_7= Etc/GMT-7
ETC_GMT_8= Etc/GMT-8
ETC_GMT_9= Etc/GMT-9
ETC_GMT0= Etc/GMT0
ETC_GREENWICH= Etc/Greenwich
ETC_UCT= Etc/UCT
ETC_UTC= Etc/UTC
ETC_UNIVERSAL= Etc/Universal
ETC_ZULU= Etc/Zulu
EUROPE_AMSTERDAM= Europe/Amsterdam
EUROPE_ANDORRA= Europe/Andorra
EUROPE_ATHENS= Europe/Athens
EUROPE_BELFAST= Europe/Belfast
EUROPE_BELGRADE= Europe/Belgrade
EUROPE_BERLIN= Europe/Berlin
EUROPE_BRATISLAVA= Europe/Bratislava
EUROPE_BRUSSELS= Europe/Brussels
EUROPE_BUCHAREST= Europe/Bucharest
EUROPE_BUDAPEST= Europe/Budapest
EUROPE_CHISINAU= Europe/Chisinau
EUROPE_COPENHAGEN= Europe/Copenhagen
EUROPE_DUBLIN= Europe/Dublin
EUROPE_GIBRALTAR= Europe/Gibraltar
EUROPE_GUERNSEY= Europe/Guernsey
EUROPE_HELSINKI= Europe/Helsinki
EUROPE_ISLE_OF_MAN= Europe/Isle_of_Man
EUROPE_ISTANBUL= Europe/Istanbul
EUROPE_JERSEY= Europe/Jersey
EUROPE_KALININGRAD= Europe/Kaliningrad
EUROPE_KIEV= Europe/Kiev
EUROPE_LISBON= Europe/Lisbon
EUROPE_LJUBLJANA= Europe/Ljubljana
EUROPE_LONDON= Europe/Londre
EUROPE_LUXEMBOURG= Europe/Luxembourg 
EUROPE_MADRID= Europe/Madrid
EUROPE_MALTA= Europe/Malte
EUROPE_MARIEHAMN= Europe/Mariehamn
EUROPE_MINSK= Europe/Minsk
EUROPE_MONACO= Europe/Monaco 
EUROPE_MOSCOW= Europe/Moscou
EUROPE_NICOSIA= Europe/Nicosia
EUROPE_OSLO= Europe/Oslo
EUROPE_PARIS= Europe/Paris
EUROPE_PODGORICA= Europe/Podgorica
EUROPE_PRAGUE= Europe/Prague
EUROPE_RIGA= Europe/Riga
EUROPE_ROME= Europe/Rome
EUROPE_SAMARA= Europe/Samara
EUROPE_SAN_MARINO= Europe/San_Marino
EUROPE_SARAJEVO= Europe/Sarajevo
EUROPE_SIMFEROPOL= Europe/Simferopol
EUROPE_SKOPJE= Europe/Skopje
EUROPE_SOFIA= Europe/Sofia
EUROPE_STOCKHOLM= Europe/Stockholm
EUROPE_TALLINN= Europe/Tallinn
EUROPE_TIRANE= Europe/Tirane
EUROPE_TIRASPOL= Europe/Tiraspol
EUROPE_UZHGOROD= Europe/Uzhgorod
EUROPE_VADUZ= Europe/Vaduz
EUROPE_VATICAN= Europe/Vatican
EUROPE_VIENNA= Europe/Vienna
EUROPE_VILNIUS= Europe/Vilnius
EUROPE_VOLGOGRAD= Europe/Volgograd
EUROPE_WARSAW= Europe/Warsaw
EUROPE_ZAGREB= Europe/Zagreb
EUROPE_ZAPOROZHYE= Europe/Zaporozhye
EUROPE_ZURICH= Europe/Zurich
GB= GB
GB_EIRE= GB-Eire
GMT= GMT
GMT_0= GMT+0
GMT_0= GMT-0
GMT0= GMT0
GREENWICH= Greenwich
HST= HST
HONGKONG= Hongkong
I18N_CHINESE = 中文
I18N_DEBUG = i18n debug
I18N_DUTCH = Nederlands
I18N_ENGLISH_UNITED_KINGDOM = English (United Kingdom)
I18N_ENGLISH_UNITED_STATES = English (United States)
I18N_FRENCH = Français
I18N_GERMAN = Deutsch
I18N_RUSSIAN = русский
I18N_SPANISH = Español
ICELAND= Iceland
INDIAN_ANTANANARIVO= Indien/Antananarivo
INDIAN_CHAGOS= Indien/Chagos
INDIAN_CHRISTMAS= Indien/Christmas
INDIAN_COCOS= Indien/Cocos
INDIAN_COMORO= Indien/Comoro
INDIAN_KERGUELEN= Indien/Kerguelen
INDIAN_MAHE= Indien/Mahé
INDIAN_MALDIVES= Indien/Maldives
INDIAN_MAURITIUS= Indien/Maurice
INDIAN_MAYOTTE= Indien/Mayotte
INDIAN_REUNION= Indien/Réunion
IRAN= Iran
ISRAEL= Israel
JAMAICA= Jamaica
JAPAN= Japan
KWAJALEIN= Kwajalein
LIBYA= Libya
MET= MET
MST= MST
MST7MDT= MST7MDT
MEXICO_BAJANORTE= Mexico/BajaNorte
MEXICO_BAJASUR= Mexico/BajaSur
MEXICO_GENERAL= Mexico/General
MIDEAST_RIYADH87= Mideast/Riyadh87
MIDEAST_RIYADH88= Mideast/Riyadh88
MIDEAST_RIYADH89= Mideast/Riyadh89
NZ= NZ
NZ_CHAT= NZ-CHAT
NAVAJO= Navajo
PRC= PRC
PST8PDT= PST8PDT
PACIFIC_APIA= Pacifique/Apia
PACIFIC_AUCKLAND= Pacifique/Auckland
PACIFIC_CHATHAM= Pacifique/Chatham
PACIFIC_CHUUK= Pacific/Chuuk
PACIFIC_EASTER= Pacifique/Pâques
PACIFIC_EFATE= Pacific/Efate
PACIFIC_ENDERBURY= Pacific/Enderbury
PACIFIC_FAKAOFO= Pacific/Fakaofo
PACIFIC_FIJI= Pacific/Fiji
PACIFIC_FUNAFUTI= Pacific/Funafuti
PACIFIC_GALAPAGOS= Pacific/Galapagos
PACIFIC_GAMBIER= Pacifique/Gambier
PACIFIC_GUADALCANAL= Pacific/Guadalcanal
PACIFIC_GUAM= Pacific/Guam
PACIFIC_HONOLULU= Pacifique/Honolulu
PACIFIC_JOHNSTON= Pacific/Johnston
PACIFIC_KIRITIMATI= Pacifique/Kiritimati
PACIFIC_KOSRAE= Pacific/Kosrae
PACIFIC_KWAJALEIN= Pacific/Kwajalein
PACIFIC_MAJURO= Pacific/Majuro
PACIFIC_MARQUESAS= Pacifique/Marquises
PACIFIC_MIDWAY= Pacific/Midway
PACIFIC_NAURU= Pacific/Nauru
PACIFIC_NIUE= Pacific/Niue
PACIFIC_NORFOLK= Pacifique/Norfolk
PACIFIC_NOUMEA= Pacifique/Nouméa
PACIFIC_PAGO_PAGO= Pacifique/Pago_Pago
PACIFIC_PALAU= Pacific/Palau
PACIFIC_PITCAIRN= Pacifique/Pitcairn
PACIFIC_POHNPEI= Pacific/Pohnpei
PACIFIC_PONAPE= Pacific/Ponape
PACIFIC_PORT_MORESBY= Pacific/Port_Moresby
PACIFIC_RAROTONGA= Pacific/Rarotonga
PACIFIC_SAIPAN= Pacific/Saipan
PACIFIC_SAMOA= Pacific/Samoa
PACIFIC_TAHITI= Pacific/Tahiti
PACIFIC_TARAWA= Pacifique/Tarawa
PACIFIC_TONGATAPU= Pacifique/Tongatapu
PACIFIC_TRUK= Pacific/Truk
PACIFIC_WAKE= Pacific/Wake
PACIFIC_WALLIS= Pacific/Wallis
PACIFIC_YAP= Pacific/Yap
POLAND= Poland
PORTUGAL= Portugal
ROC= ROC
ROK= ROK
SINGAPORE= Singapore
TURKEY= Turkey
UCT= UCT
US_ALASKA= US/Alaska
US_ALEUTIAN= US/Aleutian
US_ARIZONA= US/Arizona
US_CENTRAL= US/Central
US_EAST_INDIANA= US/East-Indiana
US_EASTERN= US/Eastern
US_HAWAII= US/Hawaii
US_INDIANA_STARKE= US/Indiana-Starke
US_MICHIGAN= US/Michigan
US_MOUNTAIN= US/Mountain
US_PACIFIC= US/Pacific
US_PACIFIC_NEW= US/Pacific-New
US_SAMOA= US/Samoa
UTC= UTC
UNIVERSAL= Universal
W_SU= W-SU
WET= WET
ZULU= Zulu
